,anns_acc_train,pcns_acc_train
0,0.4975,0.67625
1,0.465,0.58375
2,0.465,0.67
3,0.4525,0.6225
4,0.435,0.64375
5,0.4975,0.58625
6,0.4575,0.58875
7,0.46125,0.58125
8,0.45625,0.57875
9,0.37125,0.5575
