,anns_acc_train,pcns_acc_train
0,0.455,0.58
1,0.47,0.55125
2,0.40625,0.60875
3,0.4425,0.6475
4,0.465,0.60375
5,0.435,0.51375
6,0.4475,0.5675
7,0.44625,0.60125
8,0.4475,0.455
9,0.505,0.62625
