,anns_acc_train,pcns_acc_train
0,0.4125,0.60375
1,0.45625,0.39
2,0.44625,0.60625
3,0.43375,0.54875
4,0.41875,0.54
5,0.38375,0.655
6,0.4425,0.49625
7,0.47875,0.57
8,0.3975,0.57125
9,0.46,0.53625
