,anns_acc_control,pcns_acc_control,anns_acc_control_train,pcns_acc_control_train
0,0.78,0.665,0.775,0.62625
1,0.765,0.57,0.77375,0.57375
2,0.74,0.505,0.75375,0.5275
3,0.78,0.685,0.7875,0.665
4,0.77,0.61,0.775,0.5925
5,0.77,0.625,0.7775,0.61375
6,0.785,0.62,0.78375,0.6525
7,0.76,0.49,0.77375,0.5025
8,0.765,0.555,0.77375,0.59375
9,0.79,0.615,0.7775,0.605
