,sparsity,pcn_loss,knn_loss
0,0.01,49.685552608753994,16.224627150526903
1,0.02,49.09588129200749,16.55389143340343
2,0.03,50.08628400924723,16.7523843003174
3,0.04,50.27628071017586,16.372089180809397
4,0.05,50.92273047758472,16.510916354315405
