,anns_acc_train,pcns_acc_train
0,0.4875,0.595
1,0.48125,0.53
2,0.44875,0.6775
3,0.42625,0.585
4,0.47625,0.5125
5,0.46625,0.51375
6,0.43375,0.5725
7,0.41125,0.475
8,0.45,0.5975
9,0.45875,0.62875
