,anns_acc_train,pcns_acc_train
0,0.415,0.5775
1,0.4025,0.5075
2,0.41875,0.58125
3,0.44125,0.62875
4,0.49,0.63625
5,0.43125,0.57375
6,0.44125,0.50125
7,0.415,0.56375
8,0.5,0.57375
9,0.475,0.56125
