,anns_acc_train,pcns_acc_train
0,0.43,0.63875
1,0.47875,0.6875
2,0.4225,0.7175
3,0.4175,0.64625
4,0.50375,0.58625
5,0.45625,0.555
6,0.5175,0.54125
7,0.475,0.5725
8,0.46625,0.58875
9,0.48625,0.68375
