,anns_acc_train,pcns_acc_train
0,0.465,0.60875
1,0.42625,0.68875
2,0.4275,0.5875
3,0.47375,0.61125
4,0.45125,0.565
5,0.47125,0.56125
6,0.43,0.56
7,0.44875,0.57625
8,0.4125,0.58875
9,0.4375,0.6
