pcn_acc0,pcn_acc1,pcn_acc2,pcn_acc3,pcn_acc4,pcn_acc5,pcn_acc6,pcn_acc7,pcn_acc8,pcn_acc9,pcn_flop0,pcn_flop1,pcn_flop2,pcn_flop3,pcn_flop4,pcn_flop5,pcn_flop6,pcn_flop7,pcn_flop8,pcn_flop9
0.8055555555555556,0.9166666666666666,0.8055555555555556,0.6944444444444444,0.7777777777777778,0.9166666666666666,0.75,0.6388888888888888,0.8333333333333334,0.7222222222222222,6505997,6716736,6905038,6625941,6833640,6739790,6929938,6131604,6459257,6778549
0.7777777777777778,0.9166666666666666,0.9166666666666666,0.8888888888888888,0.8888888888888888,0.9444444444444444,0.8333333333333334,0.8055555555555556,0.8333333333333334,0.8333333333333334,8081432,8084482,8736106,8810174,8433353,8496400,8547202,7962682,8038976,8543115
