,anns_acc_train,pcns_acc_train
0,0.93875,0.58
1,0.94,0.61375
2,0.9425,0.59375
3,0.93875,0.6275
4,0.94125,0.60375
5,0.9375,0.53625
6,0.9375,0.60125
7,0.94125,0.5675
8,0.93875,0.63375
9,0.935,0.5475
