,anns_acc_train,pcns_acc_train
0,0.94125,0.555
1,0.94125,0.52625
2,0.94125,0.55875
3,0.935,0.6425
4,0.9375,0.59875
5,0.935,0.61125
6,0.93375,0.5575
7,0.94125,0.55
8,0.9375,0.67375
9,0.9375,0.63125
