,anns_acc_train,pcns_acc_train
0,0.42875,0.6725
1,0.4525,0.65875
2,0.465,0.58625
3,0.44,0.65125
4,0.4625,0.64125
5,0.4225,0.58
6,0.42,0.53375
7,0.47125,0.5575
8,0.38625,0.54375
9,0.46625,0.51875
