,anns_acc_train,pcns_acc_train
0,0.93625,0.5375
1,0.93875,0.44375
2,0.94,0.51875
3,0.9375,0.555
4,0.93875,0.64
5,0.93375,0.57375
6,0.935,0.65875
7,0.93625,0.62875
8,0.94,0.55875
9,0.9375,0.50875
