,anns_acc_train,pcns_acc_train
0,0.94,0.385
1,0.93875,0.41625
2,0.9375,0.63875
3,0.93875,0.51125
4,0.94,0.5325
5,0.94,0.3725
6,0.9375,0.55625
7,0.9425,0.5675
8,0.93875,0.58
9,0.94,0.55125
