,anns_acc_train,pcns_acc_train
0,0.9325,0.59375
1,0.93875,0.5875
2,0.94125,0.58375
3,0.93875,0.67375
4,0.9375,0.58375
5,0.93625,0.64375
6,0.93625,0.6075
7,0.93375,0.58
8,0.935,0.53125
9,0.93875,0.5725
