,anns_acc_train,pcns_acc_train
0,0.35454545454545455,0.7545454545454545
1,0.35454545454545455,0.7454545454545455
2,0.35454545454545455,0.7636363636363637
3,0.35454545454545455,0.7545454545454545
4,0.36363636363636365,0.7545454545454545
5,0.35454545454545455,0.7545454545454545
6,0.36363636363636365,0.7727272727272727
7,0.38181818181818183,0.7727272727272727
8,0.35454545454545455,0.7363636363636363
9,0.35454545454545455,0.7454545454545455
