,anns_acc_train,pcns_acc_train
0,0.7181818181818181,0.7545454545454545
1,0.7,0.7909090909090909
2,0.7090909090909091,0.7727272727272727
3,0.7090909090909091,0.7181818181818181
4,0.7090909090909091,0.7272727272727273
5,0.6909090909090909,0.7545454545454545
6,0.7,0.7363636363636363
7,0.7090909090909091,0.7090909090909091
8,0.7363636363636363,0.7363636363636363
9,0.6909090909090909,0.7727272727272727
