,anns_acc_train,pcns_acc_train
0,0.9545454545454546,0.7909090909090909
1,0.9636363636363636,0.7
2,0.9636363636363636,0.7636363636363637
3,0.9636363636363636,0.7181818181818181
4,0.9636363636363636,0.7636363636363637
5,0.9545454545454546,0.7454545454545455
6,0.9636363636363636,0.8
7,0.9636363636363636,0.7636363636363637
8,0.9545454545454546,0.7727272727272727
9,0.9818181818181818,0.7454545454545455
