,anns_acc_train,pcns_acc_train
0,0.9363636363636364,0.7727272727272727
1,0.9545454545454546,0.7363636363636363
2,0.9272727272727272,0.8
3,0.9363636363636364,0.7454545454545455
4,0.9363636363636364,0.7545454545454545
5,0.9454545454545454,0.7454545454545455
6,0.9363636363636364,0.7727272727272727
7,0.9363636363636364,0.7727272727272727
8,0.9363636363636364,0.7454545454545455
9,0.9363636363636364,0.7545454545454545
