,anns_acc_train,pcns_acc_train
0,0.35454545454545455,0.7363636363636363
1,0.35454545454545455,0.7636363636363637
2,0.35454545454545455,0.7545454545454545
3,0.37272727272727274,0.7636363636363637
4,0.35454545454545455,0.7545454545454545
5,0.36363636363636365,0.7545454545454545
6,0.35454545454545455,0.7181818181818181
7,0.35454545454545455,0.7454545454545455
8,0.35454545454545455,0.7454545454545455
9,0.35454545454545455,0.7363636363636363
