,anns_acc_train,pcns_acc_train
0,0.6818181818181818,0.7272727272727273
1,0.6818181818181818,0.7181818181818181
2,0.7181818181818181,0.7272727272727273
3,0.7090909090909091,0.7818181818181819
4,0.7363636363636363,0.7636363636363637
5,0.7272727272727273,0.8454545454545455
6,0.7090909090909091,0.7
7,0.7,0.8272727272727273
8,0.7272727272727273,0.7454545454545455
9,0.7363636363636363,0.7454545454545455
