,anns_acc_train,pcns_acc_train
0,0.7,0.7454545454545455
1,0.7090909090909091,0.8181818181818182
2,0.7181818181818181,0.6818181818181818
3,0.7090909090909091,0.8090909090909091
4,0.7090909090909091,0.8272727272727273
5,0.7090909090909091,0.8
6,0.6909090909090909,0.8272727272727273
7,0.7181818181818181,0.7363636363636363
8,0.6818181818181818,0.6909090909090909
9,0.7090909090909091,0.8
