,anns_acc_train,pcns_acc_train
0,0.35454545454545455,0.7909090909090909
1,0.35454545454545455,0.7545454545454545
2,0.35454545454545455,0.7454545454545455
3,0.35454545454545455,0.7636363636363637
4,0.35454545454545455,0.7454545454545455
5,0.35454545454545455,0.7636363636363637
6,0.35454545454545455,0.7363636363636363
7,0.35454545454545455,0.7363636363636363
8,0.35454545454545455,0.7181818181818181
9,0.35454545454545455,0.7727272727272727
