,anns_acc_train,pcns_acc_train
0,0.7181818181818181,0.6818181818181818
1,0.7,0.7272727272727273
2,0.7090909090909091,0.7
3,0.7090909090909091,0.7272727272727273
4,0.7090909090909091,0.7090909090909091
5,0.7272727272727273,0.7272727272727273
6,0.7090909090909091,0.7818181818181819
7,0.7,0.7909090909090909
8,0.7181818181818181,0.7454545454545455
9,0.7,0.8090909090909091
