,anns_acc_train,pcns_acc_train
0,0.35454545454545455,0.7636363636363637
1,0.36363636363636365,0.7363636363636363
2,0.35454545454545455,0.7636363636363637
3,0.35454545454545455,0.7363636363636363
4,0.35454545454545455,0.7454545454545455
5,0.38181818181818183,0.7181818181818181
6,0.35454545454545455,0.7818181818181819
7,0.35454545454545455,0.7636363636363637
8,0.36363636363636365,0.7818181818181819
9,0.35454545454545455,0.7363636363636363
