,anns_acc_train,pcns_acc_train
0,0.9454545454545454,0.7818181818181819
1,0.9636363636363636,0.7545454545454545
2,0.9454545454545454,0.7818181818181819
3,0.9363636363636364,0.7545454545454545
4,0.9454545454545454,0.7818181818181819
5,0.9545454545454546,0.7636363636363637
6,0.9454545454545454,0.7363636363636363
7,0.9454545454545454,0.7454545454545455
8,0.9363636363636364,0.7727272727272727
9,0.9454545454545454,0.8
