,anns_acc_train,pcns_acc_train
0,0.35454545454545455,0.7636363636363637
1,0.35454545454545455,0.7363636363636363
2,0.35454545454545455,0.7363636363636363
3,0.35454545454545455,0.7454545454545455
4,0.35454545454545455,0.7636363636363637
5,0.35454545454545455,0.7636363636363637
6,0.35454545454545455,0.7454545454545455
7,0.35454545454545455,0.7636363636363637
8,0.35454545454545455,0.7727272727272727
9,0.35454545454545455,0.7272727272727273
