,anns_acc_train,pcns_acc_train
0,0.7090909090909091,0.7454545454545455
1,0.7,0.8272727272727273
2,0.7090909090909091,0.7090909090909091
3,0.6909090909090909,0.7545454545454545
4,0.6909090909090909,0.7272727272727273
5,0.6818181818181818,0.6909090909090909
6,0.7090909090909091,0.7181818181818181
7,0.7,0.7545454545454545
8,0.7090909090909091,0.8272727272727273
9,0.7181818181818181,0.7363636363636363
