,anns_acc,pcns_acc
0,0.5,0.9722222222222222
1,0.5,0.9444444444444444
2,0.5,0.8888888888888888
3,0.5,0.9166666666666666
4,0.5,0.8888888888888888
5,0.5,0.8888888888888888
6,0.5,0.9444444444444444
7,0.5,0.9166666666666666
8,0.5,0.9166666666666666
9,0.5,0.9444444444444444
