,anns_acc_train,pcns_acc_train
0,0.3732394366197183,0.9366197183098591
1,0.3732394366197183,0.9366197183098591
2,0.3732394366197183,0.9295774647887324
3,0.3732394366197183,0.9225352112676056
4,0.3732394366197183,0.9225352112676056
5,0.3732394366197183,0.9295774647887324
6,0.3732394366197183,0.9225352112676056
7,0.3732394366197183,0.9295774647887324
8,0.3732394366197183,0.9436619718309859
9,0.3732394366197183,0.9295774647887324
