,anns_acc_train,pcns_acc_train
0,0.9788732394366197,0.9295774647887324
1,0.9788732394366197,0.9295774647887324
2,0.9859154929577465,0.9366197183098591
3,0.9788732394366197,0.8943661971830986
4,0.9859154929577465,0.9084507042253521
5,0.9788732394366197,0.9154929577464789
6,0.9859154929577465,0.9084507042253521
7,0.9859154929577465,0.9295774647887324
8,0.9859154929577465,0.9295774647887324
9,0.9788732394366197,0.9295774647887324
