,anns_acc,pcns_acc
0,0.5,0.8888888888888888
1,0.5,0.9166666666666666
2,0.5,0.9166666666666666
3,0.5,0.8888888888888888
4,0.5,0.9444444444444444
5,0.5,0.8888888888888888
6,0.5,0.9166666666666666
7,0.5,0.8888888888888888
8,0.5,0.9166666666666666
9,0.5,0.9166666666666666
