,anns_acc_train,pcns_acc_train
0,0.9859154929577465,0.8943661971830986
1,0.9859154929577465,0.9225352112676056
2,0.9859154929577465,0.9014084507042254
3,0.9859154929577465,0.9084507042253521
4,0.9859154929577465,0.9154929577464789
5,0.9859154929577465,0.9014084507042254
6,0.9859154929577465,0.9366197183098591
7,0.9859154929577465,0.9154929577464789
8,0.9859154929577465,0.9154929577464789
9,0.9859154929577465,0.9154929577464789
