,anns_acc_train,pcns_acc_train
0,0.3732394366197183,0.9295774647887324
1,0.3732394366197183,0.9295774647887324
2,0.3732394366197183,0.9225352112676056
3,0.3732394366197183,0.9225352112676056
4,0.3732394366197183,0.9366197183098591
5,0.3732394366197183,0.9154929577464789
6,0.3732394366197183,0.9225352112676056
7,0.3732394366197183,0.9154929577464789
8,0.3732394366197183,0.9225352112676056
9,0.3732394366197183,0.9084507042253521
