,anns_acc_train,pcns_acc_train
0,0.9647887323943662,0.8943661971830986
1,0.9647887323943662,0.9084507042253521
2,0.9647887323943662,0.9084507042253521
3,0.9647887323943662,0.9014084507042254
4,0.9647887323943662,0.9154929577464789
5,0.9647887323943662,0.9295774647887324
6,0.9647887323943662,0.9154929577464789
7,0.9647887323943662,0.9154929577464789
8,0.9647887323943662,0.9366197183098591
9,0.9647887323943662,0.9014084507042254
