,anns_acc,pcns_acc
0,0.5,0.9166666666666666
1,0.5,0.9444444444444444
2,0.5,0.9444444444444444
3,0.5,0.9166666666666666
4,0.5,0.9444444444444444
5,0.5,0.9444444444444444
6,0.5,0.9444444444444444
7,0.5,0.9166666666666666
8,0.5,0.9166666666666666
9,0.5,0.9166666666666666
