,anns_acc_control,pcns_acc_control,anns_acc_control_train,pcns_acc_control_train
0,0.95,0.59,0.93625,0.58375
1,0.95,0.565,0.9425,0.55375
2,0.95,0.57,0.94,0.58625
3,0.935,0.57,0.93875,0.57875
4,0.945,0.57,0.93875,0.5775
5,0.94,0.67,0.93625,0.645
6,0.95,0.42,0.93875,0.41875
7,0.955,0.57,0.945,0.58625
8,0.945,0.56,0.945,0.59125
9,0.94,0.66,0.9375,0.645
