,pcn_infered,knn_infered,real
0,4.39647934640797,3.72,4.0
1,6.089642208611938,4.72,4.4
2,3.4749127691141566,5.5600000000000005,6.0
3,3.2265222582851063,3.1399999999999997,3.4
4,6.143983556367063,5.82,5.7
5,6.021545186057285,5.4399999999999995,5.5
6,6.189272849962617,5.3,5.4
7,5.923120851297712,6.86,7.7
