,pcn_infered,knn_infered,real
0,3.707801281560475,1.5599999999999998,1.6
1,2.902817117411054,3.18,3.0
2,3.0067760944617183,2.58,2.9
3,6.058807610054133,6.5,6.7
