,pcn_infered,knn_infered,real
0,1.3132416817619321,1.8800000000000001,1.9
1,4.030877724614786,1.3199999999999996,1.3
2,4.06046628737914,5.619999999999999,5.9
3,3.5373155534596314,3.8800000000000003,3.9
4,3.185591615046208,5.5,5.7
