,pcn_infered,knn_infered,real
0,3.0013492175822316,2.7800000000000002,2.6
1,1.2618343742977116,0.20000000000000007,0.3
2,0.9509215665686053,1.68,1.5
3,3.6878395557017685,1.4399999999999995,1.6
4,3.020676460386715,3.3,3.0
5,4.262410165339649,1.5000000000000002,1.3
6,6.051743079120854,6.4,5.9
7,2.9327477642186515,2.32,2.4
8,1.3460302364337398,1.74,2.0
9,1.3920531776953955,0.20000000000000007,0.3
