,pcn_infered,knn_infered,real
0,3.1087607325912567,3.56,3.5
1,5.981820072952222,5.48,4.9
2,3.05797617051958,2.68,2.3
3,6.02780774248397,6.12,5.8
4,4.453873692121024,1.4799999999999995,1.5
5,3.2223188442441653,2.9,3.2
6,6.220510223778831,4.72,4.6
7,6.058732138492951,5.02,5.1
