,pcn_infered,knn_infered,real
0,4.091785268221357,5.32,6.3
1,2.9751955727023938,2.96,2.5
2,1.36455026544851,2.2,2.1
3,3.964490933064983,4.96,4.7
4,1.337938966044128,1.32,1.3
5,2.9762623924292853,3.66,3.7
6,4.4391938537086215,1.5199999999999996,1.9
