,pcn_infered,knn_infered,real
0,1.3975049349134647,1.4200000000000002,1.4
1,3.1756213954428905,3.06,2.8
2,3.2172113189908256,2.84,3.0
3,4.030004076410249,5.9,6.1
4,6.144370752744467,6.52,6.4
5,3.0676374908373663,2.7399999999999998,2.3
6,3.0841470026781046,2.9400000000000004,2.5
7,6.220589103513219,4.84,4.6
8,3.14884604573054,2.9,2.9
9,1.0856262091978808,2.1,2.3
10,4.003623022692616,1.4799999999999995,1.3
