,pcn_infered,knn_infered,real
0,2.9643002327387893,2.94,3.3
1,1.2815991248517717,1.5000000000000002,1.3
2,5.991512238162618,6.38,6.0
3,0.9509215609191735,1.54,1.5
4,3.707369241111166,1.5200000000000005,1.2
5,3.979961901263848,4.58,5.1
6,3.67602493421007,1.48,1.3
7,5.831030335814603,5.32,6.0
8,1.3459988487331989,1.7200000000000002,2.0
9,6.009111261833687,6.08,6.2
