,pcn_infered,knn_infered,real
0,3.101296608612052,3.5,3.0
1,6.169570883978062,5.32,5.1
2,2.902817117411095,3.18,3.0
3,3.0977242864728916,3.08,3.0
4,1.0342373448826985,1.54,1.4
5,1.5047609432117275,1.24,1.4
6,6.12830807684796,6.38,6.5
7,2.855149848114229,2.38,2.4
8,1.3334204412624668,1.32,1.3
9,1.17102454700268,0.16000000000000006,0.2
10,5.760508233548176,5.82,5.7
11,2.8965402554228534,2.78,2.8
12,2.953184332556461,2.66,2.2
13,6.105756735530166,6.66,6.9
14,4.358335780299618,4.5,4.7
