,sparsity,pcn_loss,knn_loss
0,0.01,0.7382381621392515,0.1850000000000001
1,0.02,1.0650342190415727,0.31999999999999995
2,0.03,0.3809150216806708,0.1680000000000001
3,0.04,1.1679814040081085,0.37
4,0.05,0.9598906653731097,0.31099999999999994
