,sparsity,pcn_loss,knn_loss
0,0.01,1.606852517393575,0.10800000000000005
1,0.02,0.9413701991340633,0.20600000000000004
2,0.03,0.7928958671003548,0.30799999999999994
3,0.04,1.1433339484419667,0.2222222222222222
4,0.05,0.8968894636050642,0.22923076923076915
