,sparsity,pcn_loss,knn_loss
0,0.01,1.039545908588737,0.3025
1,0.02,1.001784769000186,0.2325000000000002
2,0.03,0.9145608551472274,0.20545454545454536
3,0.04,0.7859221528685469,0.20000000000000007
4,0.05,0.7451582306094933,0.31600000000000006
