,anns_acc_train,pcns_acc_train
0,0.9636363636363636,0.7818181818181819
1,0.9545454545454546,0.7727272727272727
2,0.9636363636363636,0.8
3,0.9363636363636364,0.7727272727272727
4,0.9636363636363636,0.6909090909090909
5,0.9454545454545454,0.7545454545454545
6,0.9636363636363636,0.7818181818181819
7,0.9636363636363636,0.7909090909090909
8,0.9363636363636364,0.7636363636363637
9,0.9545454545454546,0.7454545454545455
