,anns_acc_train,pcns_acc_train
0,0.8272727272727273,0.8272727272727273
1,0.7727272727272727,0.7181818181818181
2,0.7909090909090909,0.7454545454545455
3,0.7818181818181819,0.8181818181818182
4,0.7727272727272727,0.7818181818181819
5,0.7818181818181819,0.7727272727272727
6,0.8181818181818182,0.7090909090909091
7,0.8818181818181818,0.7363636363636363
8,0.8,0.8272727272727273
9,0.7818181818181819,0.7636363636363637
