,anns_acc_train,pcns_acc_train
0,0.35454545454545455,0.7727272727272727
1,0.38181818181818183,0.7909090909090909
2,0.36363636363636365,0.7818181818181819
3,0.35454545454545455,0.7727272727272727
4,0.35454545454545455,0.6909090909090909
5,0.35454545454545455,0.7454545454545455
6,0.37272727272727274,0.7818181818181819
7,0.39090909090909093,0.7636363636363637
8,0.35454545454545455,0.7727272727272727
9,0.35454545454545455,0.7545454545454545
