,anns_acc_train,pcns_acc_train
0,0.9454545454545454,0.7636363636363637
1,0.9454545454545454,0.7545454545454545
2,0.9636363636363636,0.7636363636363637
3,0.9636363636363636,0.7090909090909091
4,0.9727272727272728,0.7727272727272727
5,0.9363636363636364,0.7545454545454545
6,0.9545454545454546,0.7454545454545455
7,0.9636363636363636,0.7363636363636363
8,0.9545454545454546,0.7181818181818181
9,0.9727272727272728,0.7181818181818181
