,anns_acc_train,pcns_acc_train
0,0.7727272727272727,0.7454545454545455
1,0.7818181818181819,0.8181818181818182
2,0.8,0.7454545454545455
3,0.8090909090909091,0.6818181818181818
4,0.8,0.8363636363636363
5,0.8,0.7636363636363637
6,0.7818181818181819,0.7818181818181819
7,0.7909090909090909,0.7545454545454545
8,0.8,0.7363636363636363
9,0.7636363636363637,0.7545454545454545
