,anns_acc_train,pcns_acc_train
0,0.35454545454545455,0.7636363636363637
1,0.35454545454545455,0.7545454545454545
2,0.37272727272727274,0.7272727272727273
3,0.35454545454545455,0.7636363636363637
4,0.35454545454545455,0.7454545454545455
5,0.35454545454545455,0.7272727272727273
6,0.35454545454545455,0.7545454545454545
7,0.35454545454545455,0.7545454545454545
8,0.35454545454545455,0.7
9,0.35454545454545455,0.7363636363636363
