,anns_acc_train,pcns_acc_train
0,0.35454545454545455,0.7454545454545455
1,0.37272727272727274,0.7
2,0.35454545454545455,0.7727272727272727
3,0.36363636363636365,0.7545454545454545
4,0.37272727272727274,0.7454545454545455
5,0.38181818181818183,0.7727272727272727
6,0.36363636363636365,0.7727272727272727
7,0.35454545454545455,0.7545454545454545
8,0.35454545454545455,0.7636363636363637
9,0.38181818181818183,0.7727272727272727
