,anns_acc_train,pcns_acc_train
0,0.9636363636363636,0.8
1,0.9363636363636364,0.7727272727272727
2,0.9636363636363636,0.7636363636363637
3,0.9545454545454546,0.7545454545454545
4,0.9727272727272728,0.8090909090909091
5,0.9636363636363636,0.7636363636363637
6,0.9636363636363636,0.7545454545454545
7,0.9636363636363636,0.7454545454545455
8,0.9636363636363636,0.7363636363636363
9,0.9636363636363636,0.7272727272727273
