,anns_acc_train,pcns_acc_train
0,0.7818181818181819,0.7272727272727273
1,0.8272727272727273,0.8090909090909091
2,0.7727272727272727,0.8363636363636363
3,0.7909090909090909,0.8181818181818182
4,0.7818181818181819,0.7272727272727273
5,0.8272727272727273,0.8363636363636363
6,0.7909090909090909,0.8272727272727273
7,0.7909090909090909,0.7636363636363637
8,0.8,0.7454545454545455
9,0.8,0.7909090909090909
