,anns_acc_train,pcns_acc_train
0,0.9454545454545454,0.7636363636363637
1,0.9636363636363636,0.7818181818181819
2,0.9454545454545454,0.8
3,0.9636363636363636,0.8
4,0.9636363636363636,0.7454545454545455
5,0.9636363636363636,0.7636363636363637
6,0.9636363636363636,0.6636363636363637
7,0.9636363636363636,0.7454545454545455
8,0.9545454545454546,0.7909090909090909
9,0.9636363636363636,0.7363636363636363
