,anns_acc_train,pcns_acc_train
0,0.9727272727272728,0.7181818181818181
1,0.9454545454545454,0.7545454545454545
2,0.9636363636363636,0.7545454545454545
3,0.9545454545454546,0.7727272727272727
4,0.9636363636363636,0.7818181818181819
5,0.9454545454545454,0.7727272727272727
6,0.9454545454545454,0.7272727272727273
7,0.9545454545454546,0.7727272727272727
8,0.9636363636363636,0.7545454545454545
9,0.9545454545454546,0.7636363636363637
