,anns_acc_train,pcns_acc_train
0,0.8454545454545455,0.7454545454545455
1,0.7909090909090909,0.6818181818181818
2,0.8090909090909091,0.8363636363636363
3,0.7818181818181819,0.7181818181818181
4,0.8181818181818182,0.7545454545454545
5,0.7818181818181819,0.8181818181818182
6,0.7818181818181819,0.7727272727272727
7,0.8363636363636363,0.7818181818181819
8,0.7909090909090909,0.7545454545454545
9,0.7727272727272727,0.7818181818181819
