,anns_acc_train,pcns_acc_train
0,0.36363636363636365,0.7454545454545455
1,0.35454545454545455,0.7545454545454545
2,0.35454545454545455,0.7272727272727273
3,0.35454545454545455,0.7727272727272727
4,0.35454545454545455,0.7454545454545455
5,0.35454545454545455,0.7727272727272727
6,0.35454545454545455,0.7363636363636363
7,0.35454545454545455,0.7818181818181819
8,0.35454545454545455,0.7545454545454545
9,0.35454545454545455,0.7636363636363637
