,anns_acc_train,pcns_acc_train
0,0.3732394366197183,0.9295774647887324
1,0.3732394366197183,0.9577464788732394
2,0.3732394366197183,0.9295774647887324
3,0.3732394366197183,0.9154929577464789
4,0.3732394366197183,0.9225352112676056
5,0.3732394366197183,0.9366197183098591
6,0.3732394366197183,0.9295774647887324
7,0.3732394366197183,0.9295774647887324
8,0.3732394366197183,0.9295774647887324
9,0.3732394366197183,0.9436619718309859
