,anns_acc_train,pcns_acc_train
0,0.3732394366197183,0.9225352112676056
1,0.3732394366197183,0.9225352112676056
2,0.3732394366197183,0.9295774647887324
3,0.3732394366197183,0.9507042253521126
4,0.3732394366197183,0.9366197183098591
5,0.3732394366197183,0.9436619718309859
6,0.3732394366197183,0.9295774647887324
7,0.3732394366197183,0.9154929577464789
8,0.3732394366197183,0.9366197183098591
9,0.3732394366197183,0.9295774647887324
