,anns_acc,pcns_acc
0,0.9722222222222222,0.9444444444444444
1,0.9722222222222222,0.9722222222222222
2,0.9722222222222222,0.9722222222222222
3,0.9722222222222222,0.9722222222222222
4,0.9722222222222222,0.9722222222222222
5,0.9722222222222222,0.9722222222222222
6,0.9722222222222222,0.9722222222222222
7,0.9722222222222222,0.9722222222222222
8,0.9722222222222222,0.9722222222222222
9,0.9722222222222222,0.9722222222222222
