,anns_acc,pcns_acc
0,0.5,0.9444444444444444
1,0.5,0.9444444444444444
2,0.5,0.9166666666666666
3,0.5,0.9444444444444444
4,0.5,0.9166666666666666
5,0.5,0.8888888888888888
6,0.5,0.8611111111111112
7,0.5,0.9444444444444444
8,0.5,0.9166666666666666
9,0.5,0.8611111111111112
