,anns_acc_train,pcns_acc_train
0,0.3732394366197183,0.9225352112676056
1,0.3732394366197183,0.9225352112676056
2,0.3732394366197183,0.9084507042253521
3,0.3732394366197183,0.9295774647887324
4,0.3732394366197183,0.9154929577464789
5,0.3732394366197183,0.9295774647887324
6,0.3732394366197183,0.9225352112676056
7,0.3732394366197183,0.9295774647887324
8,0.3732394366197183,0.9154929577464789
9,0.3732394366197183,0.9084507042253521
