,anns_acc_train,pcns_acc_train
0,0.3732394366197183,0.9225352112676056
1,0.3732394366197183,0.9154929577464789
2,0.3732394366197183,0.9014084507042254
3,0.3732394366197183,0.9225352112676056
4,0.3732394366197183,0.9225352112676056
5,0.3732394366197183,0.9225352112676056
6,0.3732394366197183,0.9225352112676056
7,0.3732394366197183,0.9225352112676056
8,0.3732394366197183,0.9154929577464789
9,0.3732394366197183,0.9154929577464789
