,anns_acc_train,pcns_acc_train
0,0.971830985915493,0.9154929577464789
1,0.9647887323943662,0.9225352112676056
2,0.971830985915493,0.9225352112676056
3,0.971830985915493,0.9084507042253521
4,0.9647887323943662,0.9154929577464789
5,0.971830985915493,0.9154929577464789
6,0.971830985915493,0.8943661971830986
7,0.971830985915493,0.9366197183098591
8,0.971830985915493,0.9225352112676056
9,0.971830985915493,0.9225352112676056
