,anns_acc,pcns_acc
0,0.5,0.9166666666666666
1,0.5,0.9444444444444444
2,0.5,0.9166666666666666
3,0.5,0.9722222222222222
4,0.5,0.9444444444444444
5,0.5,0.9166666666666666
6,0.5,0.9166666666666666
7,0.5,0.9444444444444444
8,0.5,0.9444444444444444
9,0.5,0.9166666666666666
