,sparsity,pcn_loss,knn_loss
0,0.01,22.010471947911963,19.31
1,0.02,39.56170279001121,17.298304761904756
2,0.03,68.91216321644569,37.83831111111111
3,0.04,18.286198732715256,6.5566571285714295
4,0.05,22.094704700994175,8.989956989247313
