,sparsity,pcn_loss,knn_loss
0,0.01,33.72683793651787,9.826199999999998
1,0.02,35.33120864136114,21.882235294117642
2,0.03,43.724208627638085,9.636545454545452
3,0.04,39.76456036722792,16.938361445783134
4,0.05,17.355681612742735,5.828799999999999
