,anns_acc_train,pcns_acc_train
0,0.94,0.44
1,0.9375,0.53625
2,0.93625,0.6475
3,0.93625,0.5
4,0.93625,0.64125
5,0.9375,0.4025
6,0.94,0.6025
7,0.93875,0.58875
8,0.94,0.5775
9,0.94125,0.535
