,anns_acc_train,pcns_acc_train
0,0.49625,0.65125
1,0.42375,0.57875
2,0.4625,0.53
3,0.41625,0.6225
4,0.41625,0.6
5,0.4275,0.6325
6,0.455,0.56
7,0.50875,0.58
8,0.44625,0.61375
9,0.47125,0.62125
