,anns_acc_train,pcns_acc_train
0,0.94,0.585
1,0.9375,0.64625
2,0.94125,0.59375
3,0.9375,0.5875
4,0.93625,0.53
5,0.9375,0.58375
6,0.94,0.5925
7,0.9425,0.5825
8,0.93625,0.5225
9,0.94125,0.65125
