,anns_acc_train,pcns_acc_train
0,0.93625,0.49625
1,0.935,0.50625
2,0.93875,0.63125
3,0.94375,0.52125
4,0.94,0.63125
5,0.9375,0.61625
6,0.93875,0.6275
7,0.93,0.57875
8,0.94125,0.645
9,0.9375,0.64125
