,anns_acc_train,pcns_acc_train
0,0.9375,0.6225
1,0.935,0.5675
2,0.94,0.60125
3,0.94125,0.5825
4,0.9375,0.625
5,0.93375,0.58625
6,0.93875,0.635
7,0.9375,0.445
8,0.94125,0.55375
9,0.935,0.605
