,anns_acc_train,pcns_acc_train
0,0.94,0.62125
1,0.9375,0.575
2,0.93625,0.61625
3,0.9325,0.605
4,0.94,0.6525
5,0.93625,0.685
6,0.93625,0.6275
7,0.93625,0.585
8,0.935,0.63375
9,0.9375,0.58375
