,iris,wine,mnist
KNN,0.9250000000000002,0.972222222222222,0.9399999999999998
PCN,0.9425000000000001,0.972222222222222,0.9375
