,iris,wine,mnist
KNN,0.7875,0.9694444444444444,0.6275
PCN,0.7925,0.9694444444444444,0.6035
